{
    "camera_matrix": [
        [
            565.8324795610855,
            0.0,
            487.1592322950171
        ],
        [
            0.0,
            571.836529795452,
            262.8933681996104
        ],
        [
            0.0,
            0.0,
            1.0
        ]
    ],
    "distortion_coefficients": [
        [
            -0.3713229469534476,
            0.21375246276219506,
            0.003855922357321911,
            -0.001019997660503782,
            -0.07011686555555051
        ]
    ],
    "mean_error": 0.0467415172925615
}